store;echo
sc;ls
1;100.0
2;91.48295432820878
4;78.3479909131941
8;45.91113237001002
16;5.690144000778768
32;1.128154930348112
