store;echo
sc;sl
1;100.0
2;59.87392479228053
4;32.592640641172295
8;15.276141083827671
16;4.3609980809046
32;0.4213810650307669
