store;echo
sc;ss
1;100.0
2;82.66263321404323
4;61.50451816412242
8;37.76776690121332
16;13.503753657452359
32;2.69130942165414
