store;echo
sc;sl
1;100.0
2;60.96166478788715
4;33.1149882744283
8;14.990370422066897
16;4.455528066498858
32;0.42009504903426087
