store;echo
sc;ss
1;100.0
2;85.99786640220366
4;60.825217231810925
8;40.112925801955065
16;13.982194446069999
32;2.890588958186818
