store;echo
sc;ll
1;100.0
2;89.41669737020715
4;79.197335579078
8;48.94516024477878
16;8.07077420016123
32;1.6440291540505125
