store;echo
sc;ll
1;100.0
2;87.47928471732807
4;76.25938788922784
8;48.479434096970344
16;8.025824782271743
32;1.6305333271924702
