store;echo
sc;ls
1;100.0
2;92.28920165286426
4;78.78392472016846
8;45.82597310051382
16;6.494241897003579
32;1.3782309626298939
