store;midas
sc;ss
1;100.0
2;73.80341075864646
4;41.14466402656489
8;15.292832880000311
16;5.39502936469052
32;2.32946111184025
