store;midas optimized
sc;sl
1;100.0
2;40.67607697565689
4;12.312111776659899
8;2.388955625234334
16;0.8335658723967231
32;0.30147508086347624
