store;midas
sc;ls
1;100.0
2;77.56532025270182
4;43.62569879044733
8;18.90717298713824
16;8.070913843707366
32;3.4661242445416414
