store;midas optimized
sc;ll
1;100.0
2;95.09912265055168
4;91.30464429630327
8;70.82985334138304
16;52.22862611127821
32;17.13087576503474
