store;midas optimized
sc;ss
1;100.0
2;84.79178111534088
4;81.4810810748394
8;52.03388224433044
16;25.844411098964194
32;8.526316471284797
