store;midas optimized
sc;ls
1;100.0
2;98.71145323586137
4;78.64645814241172
8;56.82762416473185
16;34.53126747397963
32;13.993997825163445
