store;midas
sc;sl
1;100.0
2;20.889653627100486
4;2.8008244485383265
8;0.21977783278368115
16;0.04638854807112375
32;0.027808037828907974
