store;midas
sc;ll
1;100.0
2;69.87600974088335
4;28.78970135739144
8;12.271881978299536
16;4.56567564831766
32;1.4301910942485483
