store;midas optimized
sc;sl
1;998.0402
2;811.9272
4;491.5193
8;190.7419
16;133.10916
32;96.28296
