store;midas
sc;sl
1;1010.3966
2;422.1367
4;113.19774
8;17.765022
16;7.499333
32;8.991087
