store;echo
sc;ss
1;1.0
2;1.6532526642808645
4;2.460180726564897
8;3.021421352097066
16;2.1606005851923773
32;0.8612190149293248
