store;echo
sc;sl
1;1.0
2;1.219233295757743
4;1.324599530977132
8;1.1992296337653519
16;0.7128844906398173
32;0.13443041569096348
