store;echo
sc;ll
1;1.0
2;1.7495856943465613
4;3.0503755155691135
8;3.878354727757628
16;1.2841319651634788
32;0.5217706647015905
