store;echo
sc;ss
1;1.0
2;1.7199573280440732
4;2.433008689272437
8;3.209034064156405
16;2.2371511113711997
32;0.9249884666197818
