store;echo
sc;ls
1;1.0
2;1.8457840330572852
4;3.1513569888067385
8;3.6660778480411054
16;1.0390787035205726
32;0.441033908041566
