store;echo
sc;ls
1;1.0
2;1.8296590865641755
4;3.133919636527764
8;3.6728905896008017
16;0.910423040124603
32;0.36100957771139586
