store;echo
sc;ll
1;1.0
2;1.7883339474041429
4;3.16789342316312
8;3.915612819582303
16;1.2913238720257967
32;0.526089329296164
