store;midas optimized
sc;ls
1;1.0
2;1.9742290647172274
4;3.1458583256964685
8;4.546209933178548
16;5.525002795836741
32;4.478079304052303
