store;midas optimized
sc;sl
1;1.0
2;0.8135215395131378
4;0.4924844710663959
8;0.19111645001874672
16;0.1333705395834757
32;0.0964720258763124
