store;midas
sc;ss
1;1.0
2;1.4760682151729292
4;1.6457865610625955
8;1.223426630400025
16;0.8632046983504832
32;0.7454275557888801
