store;midas optimized
sc;ll
1;1.0
2;1.9019824530110336
4;3.6521857718521304
8;5.666388267310643
16;8.356580177804513
32;5.481880244811117
