store;midas
sc;ll
1;1.0
2;1.397520194817667
4;1.1515880542956576
8;0.9817505582639628
16;0.7305081037308255
32;0.45766115015953546
