store;midas
sc;sl
1;1.0
2;0.41779307254200976
4;0.11203297794153305
8;0.017582226622694493
16;0.0074221676913798
32;0.008898572105250552
