store;midas
sc;ls
1;1.0
2;1.5513064050540364
4;1.7450279516178933
8;1.512573838971059
16;1.2913462149931785
32;1.1091597582533252
