store;echo
sc;sl
1;1.0
2;1.1974784958456106
4;1.3037056256468917
8;1.2220912867062137
16;0.6977596929447359
32;0.1348419408098454
