store;midas
sc;ss
1;1.0
2;1.6958356223068176
4;3.259243242993576
8;4.162710579546435
16;4.135105775834271
32;2.7284212708111353
